T_K,v,i,s,c_p, p_bar
75,1.1192,-131.7,2.918,1.843,1
85,236.0,82.7,5.590,1.052,1
90,251.2,87.9,5.650,1.044,1
95,266.2,91.3,5.706,1.037,1
100,281.2,98.3,5.759,1.032,1
105,296.1,103.4,5.810,1.028,1
110,310.9,108.6,5.858,1.025,1
115,325.6,113.7,5.903,1.022,1
120,340.3,118.8,5.946,1.020,1
125,355.0,123.9,5.988,1.018,1
130,369.7,129.0,6.028,1.016,1
135,384.8,134.0,6.066,1.015,1
140,398.9,139.1,6.103,1.014,1
145,413.4,144.2,6.139,1.013,1
150,428.0,149.2,6.173,1.012,1
160,457.0,159.3,6.238,1.010,1
170,486.0,169.4,6.299,1.009,1
180,515.0,179.5,6.357,1.008,1
190,543.9,189.6,6.412,1.008,1
200,572.8,199.7,6.463,1.007,1
210,601.7,209.7,6.512,1.006,1
220,630.5,219.8,6.559,1.006,1
230,659.4,229.9,6.604,1.006,1
240,688.2,239.9,6.647,1.006,1
250,717.0,250.0,6.688,1.006,1
260,745.8,260.0,6.727,1.006,1
270,774.6,270.1,6.765,1.006,1
280,803.4,280.2,6.802,1.006,1
290,832.2,290.2,6.837,1.006,1
300,861.0,300.3,6.871,1.007,1
310,889.8,310.4,6.904,1.007,1
320,918.5,320.4,6.936,1.007,1
330,947.3,330.5,6.967,1.008,1
340,976.0,340.6,6.997,1.009,1
350,1005,350.7,7.026,1.009,1
375,1077,375.9,7.096,1.012,1
400,1148,401.2,7.161,1.014,1
425,1220,426.7,7.223,1.017,1
450,1292,452.1,7.282,1.021,1
475,1364,477.7,7.337,1.025,1
500,1436,503.4,7.389,1.030,1
550,1580,555.2,7.488,1.040,1
600,1723,607.5,7.579,1.051,1
650,1867,660.3,7.664,1.063,1
700,2010,713.8,7.743,1.075,1
750,2154,767.9,7.817,1.087,1
800,2297,822.5,7.888,1.099,1
850,2441,877.7,7.955,1.110,1
900,2585,933.5,8.019,1.121,1
950,2728,989.8,8.080,1.131,1
1000,2872,1046.8,8.138,1.141,1
1050,3015,1103.9,8.194,1.150,1
1100,3159,1161.7,8.248,1.159,1
1150,3302,1219.9,8.299,1.167,1
1200,3446,1278.4,8.349,1.175,1
1250,3590,1337.3,8.397,1.182,1
1300,3733,1396.0,8.444,1.189,1ы
75,121.7,85.7,5.435,1.095,2
85,129.7,91.1,5.494,1.079,2
90,137.5,96.5,5.549,1.067,2
95,145.3,101.8,5.601,1.058,2
100,152.9,107.1,5.650,1.050,2
105,160.5,112.3,5.697,1.044,2
110,168.1,117.5,5.741,1.039,2
115,175.6,122.7,5.783,1.035,2
120,183.0,127.9,5.823,1.031,2
125,190.5,133.1,5.862,1.028,2
130,197.9,138.2,5.900,1.026,2
135,205.3,143.3,5.936,1.024,2
140,212.7,148.4,5.970,1.022,2
145,227.4,158.6,6.036,1.019,2
150,242.0,168.8,6.098,1.016,2
160,256.6,178.9,6.156,1.014,2
170,271.2,189.1,6.211,1.013,2
180,285.7,199.2,6.263,1.011,2
190,300.2,209.3,6.312,1.010,2
200,314.8,219.4,6.359,1.010,2
210,329.2,229.5,6.404,1.009,2
220,343.7,239.6,6.447,1.009,2
230,358.2,249.7,6.488,1.008,2
240,372.6,259.7,6.527,1.008,2
250,387.1,269.8,6.565,1.008,2
260,401.5,279.9,6.602,1.008,2
270,415.9,290.0,6.637,1.008,2
280,430.4,300.1,6.671,1.008,2
290,444.8,310.1,6.705,1.008,2
300,459.2,320.2,6.737,1.008,2
310,473.6,330.3,6.768,1.009,2
320,488.0,340.4,6.798,1.010,2
330,502.4,350.5,6.827,1.010,2
340,538.4,375.8,6.897,1.012,2
350,574.4,401.1,6.962,1.015,2
375,610.4,426.6,7.024,1.018,2
400,646.3,452.1,7.083,1.022,2
425,682.3,477.7,7.138,1.026,2
450,718.2,503.4,7.190,1.031,2
475,790.1,555.1,7.289,1.041,2
500,861.9,607.4,7.380,1.052,2
550,933.7,660.3,7.465,1.063,2
600,1006,713.8,7.544,1.075,2
650,1077,767.9,7.618,1.087,2
700,1149,822.5,7.689,1.099,2
750,1221,877.8,7.756,1.110,2
800,1293,933.6,7.820,1.121,2
850,1365,989.9,7.881,1.132,2
900,1436,1046.7,7.939,1.142,2
950,1505,1104.0,7.995,1.151,2
1000,1580,1161.8,8.049,1.159,2
1050,1652,1220.0,8.100,1.167,2
1100,1723,1278.5,8.150,1.175,2
1150,1795,1337.4,8.198,1.182,2
1200,1867,1396.6,8.245,1.189,2
95,84.05,89.1,5.363,1.129,3
100,89.54,94.7,5.420,1.108,3
105,94.92,100.2,5.474,1.091,3
110,100.2,105.6,5.524,1.078,3
115,105.4,110.9,5.572,1.068,3
120,110.6,116.2,5.617,1.060,3
125,115.7,121.5,5.660,1.053,3
130,120.8,126.8,5.701,1.047,3
135,125.9,132.0,5.741,1.042,3
140,130.9,137.2,5.779,1.038,3
145,135.9,142.4,5.815,1.035,3
150,140.9,147.6,5.850,1.031,3
160,150.8,157.9,5.917,1.027,3
170,160.7,168.1,5.979,1.023,3
180,170.5,178.3,6.037,1.020,3
190,180.3,188.5,6.092,1.018,3
200,190.0,198.7,6.144,1.016,3
210,199.8,208.8,6.194,1.014,3
220,209.5,219.0,6.241,1.013,3
230,219.2,229.1,6.286,1.012,3
240,228.9,239.2,6.329,1.011,3
250,238.6,249.3,6.370,1.011,3
260,248.2,259.4,6.410,1.010,3
270,257.9,269.5,6.448,1.010,3
280,267.5,279.6,6.485,1.010,3
290,277.2,289.7,6.520,1.010,3
300,286.8,299.8,6.554,1.010,3
310,296.5,309.9,6.588,1.010,3
320,306.1,320.0,6.620,1.010,3
330,315.7,330.1,6.651,1.010,3
340,325.3,340.2,6.681,1.011,3
350,335.0,350.3,6.710,1.012,3
375,359.0,375.6,6.780,1.013,3
400,383.0,401.0,6.845,1.016,3
425,407.0,426.5,6.907,1.019,3
450,431.0,452.0,6.965,1.023,3
475,455.0,477.6,7.021,1.027,3
500,479.0,503.3,7.074,1.031,3
550,526.9,555.1,7.172,1.041,3
600,574.8,607.4,7.263,1.052,3
650,622.7,660.3,7.348,1.064,3
700,670.6,713.8,7.427,1.076,3
750,718.5,767.9,7.502,1.088,3
800,766.4,822.6,7.573,1.099,3
850,814.3,877.8,7.640,1.110,3
900,862.2,933.6,7.703,1.121,3
950,910.0,989.9,7.764,1.132,3
1000,957.9,1046.8,7.822,1.142,3
1050,1006,1104.1,7.878,1.151,3
1100,1054,1161.8,7.932,1.159,3
1150,1101,1220.0,7.984,1.167,3
1200,1149,1278.6,8.034,1.175,3
1250,1197,1337.5,8.082,1.182,3
1300,1245,1396.7,8.128,1.189,3
95,65.46,92.7,5.324,1.155,4
100,69.69,98.4,5.380,1.129,4
105,73.81,104.0,5.432,1.110,4
110,77.85,109.5,5.481,1.095,4
115,81.84,115.0,5.527,1.082,4
120,85.78,120.4,5.571,1.072,4
125,89.68,125.7,5.613,1.064,4
130,93.54,131.0,5.653,1.057,4
135,97.38,136.3,5.691,1.052,4
140,101.2,141.5,5.728,1.047,4
145,105.0,146.7,5.764,1.042,4
150,112.5,157.1,5.831,1.036,4
160,120.0,167.4,5.893,1.030,4
170,127.4,177.7,5.952,1.026,4
180,134.8,188.0,6.007,1.023,4
190,142.2,198.2,6.060,1.020,4
200,149.5,208.4,6.110,1.018,4
210,156.9,218.6,6.157,1.017,4
220,164.2,228.7,6.202,1.015,4
230,171.5,238.9,6.245,1.014,4
240,178.8,249.0,6.286,1.013,4
250,186.0,259.1,6.326,1.013,4
260,193.3,269.3,6.364,1.012,4
270,200.6,279.4,6.401,1.012,4
280,207.8,289.5,6.437,1.011,4
290,215.1,299.6,6.471,1.011,4
300,222.3,309.7,6.504,1.011,4
310,229.5,319.8,6.536,1.011,4
320,236.8,329.9,6.568,1.012,4
330,244.0,340.1,6.598,1.012,4
340,251.2,350.2,6.627,1.013,4
350,269.3,375.5,6.697,1.014,4
375,287.3,400.9,6.763,1.017,4
400,305.3,426.4,6.825,1.020,4
425,323.3,451.9,6.883,1.023,4
450,341.3,474.5,6.938,1.027,4
475,359.3,503.2,6.991,1.031,4
500,395.3,555.1,7.090,1.041,4
550,431.3,607.4,7.181,1.052,4
600,467.2,660.3,7.266,1.064,4
650,503.2,713.8,7.345,1.076,4
700,539.1,767.9,7.419,1.088,4
750,575.0,822.6,7.490,1.099,4
800,610.9,877.8,7.557,1.111,4
850,646.9,933.6,7.621,1.122,4
900,682.8,990.0,7.682,1.132,4
950,718.7,1046.8,7.740,1.142,4
1000,754.6,1104.1,7.796,1.151,4
1050,790.5,1161.8,7.850,1.159,4
1100,826.4,1220.0,7.901,1.167,4
1150,862.3,1278.6,7.951,1.175,4
1200,898.2,1337.5,7.999,1.182,4
1250,934.1,1396.8,8.046,1.189,4
75,1.1183,-131.4,2.916,1.840,5
80,1.1470,-122.3,3.031,1.868,5
85,1.1790,-112.9,3.143,1.901,5
90,1.2150,-103.3,3.250,1.941,5
95,1.2559,-93.5,3.356,1.991,5
100,50.93,90.6,5.246,1.212,5
105,54.98,96.6,5.304,1.174,5
110,57.92,102.4,5.358,1.145,5
115,61.28,108.0,5.408,1.124,5
120,64.57,113.6,5.455,1.107,5
125,67.80,119.1,5.500,1.093,5
130,70.99,124.5,5.543,1.082,5
135,74.14,129.9,5.584,1.073,5
140,77.27,135.3,5.623,1.065,5
145,80.37,140.6,5.660,1.059,5
150,83.44,145.9,5.696,1.053,5
160,89.54,156.4,5.763,1.045,5
170,95.59,166.8,5.826,1.038,5
180,101.6,177.1,5.885,1.033,5
190,107.6,187.4,5.941,1.028,5
200,113.5,197.7,5.994,1.025,5
210,119.4,207.9,6.044,1.022,5
220,125.3,218.1,6.092,1.020,5
230,131.2,228.3,6.137,1.018,5
240,137.0,238.5,6.180,1.017,5
250,142.9,248.7,6.222,1.016,5
260,148.7,258.8,6.262,1.015,5
270,154.5,269.0,6.300,1.014,5
280,160.4,279.1,6.337,1.013,5
290,166.2,289.2,6.372,1.013,5
300,172.0,299.4,6.406,1.013,5
310,177.8,309.5,6.440,1.013,5
320,183.6,319.6,6.472,1.013,5
330,189.4,329.8,6.503,1.013,5
340,195.2,339.9,6.533,1.013,5
350,201.0,350.0,6.563,1.014,5
375,215.5,375.4,6.633,1.015,5
400,229.9,400.8,6.698,1.017,5
425,244.3,426.3,6.760,1.020,5
450,258.8,451.8,6.818,1.024,5
475,273.2,477.4,6.874,1.028,5
500,287.6,503.2,6.927,1.032,5
550,316.4,555.0,7.025,1.042,5
600,345.2,607.4,7.116,1.053,5
650,373.9,660.3,7.201,1.064,5
700,402.7,713.8,7.280,1.076,5
750,431.4,767.9,7.355,1.088,5
800,460.2,822.6,7.426,1.100,5
850,488.9,877.9,7.493,1.111,5
900,517.7,933.7,7.557,1.122,5
950,546.4,990.0,7.618,1.132,5
1000,575.1,1046.9,7.676,1.142,5
1050,603.9,1104.2,7.732,1.151,5
1100,632.6,1161.9,7.785,1.159,5
1150,661.3,1220.1,7.837,1.167,5
1200,690.0,1278.7,7.887,1.175,5
1250,718.8,1337.6,7.935,1.182,5
1300,747.5,1396.9,7.982,1.189,5
105,44.30,94.6,5.239,1.226,6
110,47.30,100.7,5.295,1.186,6
115,50.20,106.5,5.347,1.156,6
120,53.03,112.2,5.395,1.134,6
125,55.80,117.8,5.441,1.116,6
130,58.52,123.4,5.485,1.101,6
135,61.20,128.9,5.526,1.090,6
140,63.85,134.3,5.565,1.080,6
145,66.48,139.7,5.603,1.072,6
150,69.08,145.0,5.639,1.065,6
160,74.23,155.6,5.708,1.054,6
170,79.32,166.1,5.772,1.045,6
180,84.36,176.5,5.831,1.039,6
190,89.37,186.9,5.887,1.034,6
200,94.35,197.2,5.940,1.030,6
210,99.30,207.5,5.990,1.027,6
220,104.2,217.7,6.038,1.024,6
230,109.2,228.0,6.083,1.022,6
240,114.1,238.2,6.126,1.020,6
250,119.0,248.4,6.168,1.018,6
260,123.8,258.5,6.208,1.017,6
270,128.7,268.7,6.246,1.016,6
280,133.6,278.9,6.283,1.015,6
290,138.4,289.0,6.319,1.015,6
300,143.3,299.2,6.354,1.014,6
310,148.2,309.3,6.387,1.014,6
320,153.0,319.4,6.419,1.014,6
330,157.8,329.6,6.450,1.014,6
340,162.7,339.7,6.480,1.014,6
350,167.5,349.9,6.510,1.015,6
375,179.6,375.3,6.580,1.016,6
400,191.6,400.7,6.645,1.018,6
425,203.7,426.2,6.707,1.021,6
450,215.7,451.8,6.766,1.024,6
475,227.7,477.4,6.822,1.028,6
500,239.7,503.1,6.874,1.032,6
550,263.7,555.0,6.973,1.042,6
600,287.7,607.4,7.064,1.053,6
650,311.7,660.3,7.149,1.064,6
700,335.7,713.8,7.228,1.076,6
750,359.7,767.9,7.303,1.088,6
800,383.6,822.6,7.373,1.100,6
850,407.6,877.9,7.440,1.111,6
900,431.5,933.7,7.504,1.122,6
950,455.5,990.1,7.565,1.132,6
1000,479.4,1046.9,7.623,1.142,6
1050,503.4,1104.2,7.679,1.151,6
1100,527.8,1162.0,7.733,1.159,6
1150,551.8,1220.2,7.785,1.167,6
1200,575.2,1278.8,7.835,1.175,6
1250,599.2,1337.7,7.883,1.182,6
1300,623.1,1396.9,7.929,1.189,6
105,31.43,90.4,5.127,1.361,8
110,33.93,97.0,5.188,1.285,8
115,36.29,103.3,5.244,1.233,8
120,38.56,109.3,5.296,1.195,8
125,40.76,115.2,5.344,1.166,8
130,42.91,121.0,5.389,1.144,8
135,45.01,126.7,5.432,1.126,8
140,47.07,132.3,5.473,1.111,8
145,49.11,137.8,5.512,1.099,8
150,51.12,143.3,5.549,1.089,8
160,55.08,154.1,5.619,1.073,8
170,58.98,164.7,5.683,1.061,8
180,62.83,175.3,5.743,1.052,8
190,66.64,185.8,5.800,1.045,8
200,70.42,196.2,5.854,1.039,8
210,74.18,206.6,5.904,1.035,8
220,77.92,216.9,5.952,1.031,8
230,81.65,227.2,5.998,1.028,8
240,85.36,237.5,6.042,1.025,8
250,89.06,247.7,6.084,1.023,8
260,92.74,257.9,6.124,1.022,8
270,96.42,268.1,6.162,1.020,8
280,100.1,278.3,6.199,1.019,8
290,103.8,288.5,6.235,1.018,8
300,107.4,298.7,6.270,1.018,8
310,111.1,308.9,6.303,1.017,8
320,114.7,319.0,6.335,1.017,8
330,118.4,329.2,6.366,1.017,8
340,122.0,339.4,6.396,1.017,8
350,125.6,349.6,6.426,1.017,8
375,134.7,375.0,6.496,1.018,8
400,143.8,400.5,6.562,1.020,8
425,152.8,426.0,6.624,1.022,8
450,161.9,451.6,6.683,1.025,8
475,170.9,477.3,6.739,1.029,8
500,179.9,503.0,6.791,1.033,8
550,198.0,554.9,6.890,1.043,8
600,216.0,607.3,6.981,1.054,8
650,234.0,660.3,7.066,1.065,8
700,252.0,713.9,7.145,1.077,8
750,270.0,768.0,7.220,1.089,8
800,287.9,822.7,7.291,1.100,8
850,305.9,878.0,7.358,1.111,8
900,323.9,933.8,7.421,1.122,8
950,341.9,990.2,7.482,1.132,8
1000,359.8,1047.1,7.541,1.142,8
1050,377.8,1104.4,7.597,1.151,8
1100,395.8,1162.1,7.650,1.160,8
1150,413.7,1220.3,7.702,1.168,8
1200,431.7,1278.9,7.752,1.175,8
1250,449.6,1337.8,7.800,1.182,8
1300,467.6,1397.1,7.847,1.189,8
75,1.1171,-131.1,2.913,1.836,10
80,1.1456,-122.0,3.028,1.863,10
85,1.1773,-112.6,3.139,1.894,10
90,1.2128,-103.1,3.246,1.932,10
95,1.2531,-93.3,3.351,1.979,10
100,1.2995,-83.2,3.452,2.041,10
105,1.3544,-72.8,3.552,2.133,10
110,25.78,92.9,5.097,1.422,10
115,27.87,99.7,5.158,1.332,10
120,29.83,106.2,5.214,1.270,10
125,31.70,112.5,5.264,1.226,10
130,33.51,118.5,5.311,1.193,10
135,35.27,124.4,5.356,1.167,10
140,36.99,130.2,5.398,1.146,10
145,38.67,135.9,5.438,1.129,10
150,40.33,141.5,5.476,1.115,10
160,43.58,152.5,5.548,1.093,10
170,46.77,163.4,5.614,1.077,10
180,49.91,174.1,5.675,1.065,10
190,53.00,184.7,5.732,1.056,10
200,56.07,195.2,5.786,1.049,10
210,59.12,205.7,5.837,1.043,10
220,62.14,216.1,5.885,1.038,10
230,65.15,226.4,5.931,1.034,10
240,68.14,236.7,5.975,1.031,10
250,71.12,247.0,6.017,1.028,10
260,74.09,257.3,6.058,1.026,10
270,77.05,267.6,6.097,1.024,10
280,80.00,277.8,6.134,1.023,10
290,82.95,288.0,6.169,1.022,10
300,85.89,298.3,6.204,1.021,10
310,88.82,308.5,6.238,1.020,10
320,91.75,318.7,6.270,1.020,10
330,94.68,328.9,6.301,1.019,10
340,97.60,339.1,6.331,1.019,10
350,100.5,349.2,6.361,1.019,10
375,107.8,374.7,6.431,1.020,10
400,115.1,400.2,6.497,1.021,10
425,122.3,425.8,6.559,1.024,10
450,129.6,451.4,6.618,1.027,10
475,136.8,477.1,6.674,1.030,10
500,144.0,502.9,6.727,1.034,10
550,158.5,554.9,6.826,1.044,10
600,172.9,607.3,6.917,1.055,10
650,187.3,660.3,7.002,1.066,10
700,201.7,713.9,7.081,1.077,10
750,216.1,768.0,7.156,1.089,10
800,230.5,822.7,7.226,1.100,10
850,244.9,878.0,7.293,1.111,10
900,259.3,933.9,7.357,1.122,10
950,273.7,990.3,7.418,1.132,10
1000,288.1,1047.2,7.477,1.142,10
1050,302.4,1104.5,7.533,1.151,10
1100,316.8,1162.2,7.536,1.160,10
1150,331.2,1220.4,7.538,1.168,10
1200,345.6,1279.0,7.688,1.175,10
1250,359.9,1338.0,7.736,1.182,10
1300,374.3,1397.2,7.783,1.189,10
75,1.1159,-130.7,2.910,1.832,15
80,1.1442,-121.6,3.025,1.858,15
85,1.1755,-112.3,3.136,1.887,15
90,1.2106,-102.8,3.243,1.924,15
95,1.2503,-93.1,3.347,1.968,15
100,1.2958,-83.1,3.447,2.025,15
105,1.3493,-72.8,3.546,2.109,15
110,1.4143,-61.9,3.646,2.244,15
115,16.26,89.0,4.972,1.767,15
120,17.25,97.2,5.042,1.560,15
125,19.47,104.8,5.103,1.436,15
130,20.87,111.7,5.158,1.353,15
135,22.22,118.3,5.207,1.295,15
140,23.49,124.6,5.254,1.250,15
145,24.72,130.8,5.296,1.216,15
150,25.92,136.8,5.338,1.189,15
160,28.38,148.5,5.414,1.150,15
170,30.63,159.8,5.483,1.122,15
180,34.83,170.9,5.546,1.101,15
190,35.84,181.8,5.605,1.086,15
200,37.11,192.7,5.661,1.074,15
210,39.21,203.3,5.713,1.064,15
220,41.28,213.9,5.764,1.057,15
230,43.34,224.5,5.809,1.051,15
240,45.39,235.0,5.854,1.046,15
250,47.42,245.4,5.896,1.041,15
260,49.44,255.8,5.937,1.038,15
270,51.45,266.2,5.976,1.035,15
280,53.45,276.5,6.019,1.032,15
290,55.45,286.8,6.050,1.030,15
300,57.44,297.1,6.085,1.028,15
310,59.43,307.4,6.119,1.027,15
320,61.41,317.7,6.151,1.026,15
330,63.39,327.9,6.182,1.025,15
340,65.36,338.2,6.213,1.025,15
350,67.33,348.4,6.243,1.025,15
375,72.24,374.0,6.314,1.024,15
400,77.14,399.6,6.380,1.026,15
425,82.03,425.3,6.442,1.027,15
450,86.90,451.0,6.501,1.030,15
475,91.77,476.8,6.557,1.033,15
500,96.72,502.6,6.610,1.037,15
550,106.3,554.7,6.709,1.046,15
600,116.0,607.2,6.800,1.056,15
650,125.7,660.3,6.885,1.067,15
700,135.3,713.9,6.964,1.078,15
750,145.0,768.1,7.039,1.090,15
800,154.6,822.9,7.110,1.101,15
850,164.3,878.2,7.177,1.112,15
900,173.9,934.2,7.244,1.123,15
950,183.6,990.6,7.302,1.133,15
1000,193.2,1047.5,7.360,1.143,15
1050,202.8,1104.8,7.416,1.152,15
1100,212.5,1162.6,7.470,1.160,15
1150,222.1,1220.8,7.522,1.168,15
1200,231.7,1279.4,7.572,1.176,15
1250,241.4,1338.3,7.620,1.183,15
1300,251.0,1397.6,7.666,1.189,15
75,1.1148,-130.4,2.907,1.828,20
80,1.1428,-121.3,3.022,1.853,20
85,1.1738,-112.0,3.138,1.881,20
90,1.2085,-102.5,3.239,1.916,20
95,1.2475,-92.8,3.343,1.957,20
100,1.2922,-82.9,3.442,2.010,20
105,1.3443,-72.7,3.540,2.086,20
110,1.4071,-62.0,3.639,2.205,20
115,1.4871,-50.5,3.741,2.425,20
120,11.59,85.2,4.882,2.237,20
125,13.12,95.2,4.963,1.813,20
130,14.42,103.7,5.030,1.604,20
135,15.59,111.4,5.088,1.476,20
140,16.67,118.5,5.140,1.390,20
145,17.70,125.3,5.187,1.328,20
150,18.69,131.8,5.232,1.281,20
160,20.56,144.3,5.312,1.215,20
170,22.34,156.2,5.384,1.171,20
180,24.06,167.7,5.450,1.141,20
190,25.74,179.0,5.511,1.118,20
200,27.38,190.1,5.568,1.101,20
210,28.99,201.1,5.622,1.087,20
220,30.58,211.9,5.672,1.076,20
230,32.15,222.6,5.720,1.068,20
240,33.71,233.2,5.765,1.061,20
250,35.25,243.8,5.808,1.055,20
260,36.79,254.3,5.849,1.050,20
270,38.31,264.8,5.889,1.046,20
280,39.83,275.2,5.927,1.042,20
290,41.34,285.6,5.963,1.039,20
300,42.84,296.0,5.998,1.037,20
310,44.34,306.4,6.032,1.035,20
320,45.84,316.8,6.065,1.033,20
330,47.33,327.1,6.097,1.032,20
340,48.82,337.4,6.128,1.031,20
350,50.30,347.7,6.158,1.030,20
375,53.99,373.4,6.229,1.029,20
400,57.67,399.1,6.295,1.029,20
425,61.34,424.9,6.358,1.030,20
450,64.99,450.7,6.417,1.033,20
475,68.64,476.5,6.473,1.036,20
500,72.29,502.4,6.526,1.039,20
550,79.56,554.6,6.625,1.047,20
600,86.81,607.2,6.716,1.057,20
650,94.05,660.3,6.801,1.067,20
700,101.3,714.0,6.881,1.079,20
750,108.5,768.2,6.956,1.091,20
800,115.7,823.0,7.027,1.102,20
850,122.9,878.4,7.094,1.112,20
900,130.1,934.3,7.158,1.123,20
950,137.3,990.8,7.219,1.134,20
1000,144.5,1047.7,7.277,1.143,20
1050,151.7,1105.1,7.333,1.152,20
1100,158.9,1162.9,7.387,1.161,20
1150,166.1,1221.1,7.439,1.169,20
1200,173.3,1279.7,7.489,1.176,20
1250,180.5,1338.7,7.537,1.183,20
1300,187.7,1398.0,7.583,1.190,20
75,1.1136,-130.0,2.905,1.824,25
80,1.1414,-121.0,3.019,1.849,25
85,1.1721,-111.7,3.130,1.875,25
90,1.2064,-102.2,3.236,1.908,25
95,1.2449,-92.6,3.339,1.947,25
100,1.2887,-82.7,3.438,1.996,25
105,1.3395,-72.6,3.535,2.065,25
110,1.4002,-62.1,3.632,2.170,25
115,1.4762,-50.8,3.732,2.357,25
120,1.5816,-38.1,3.841,2.784,25
125,8.944,82.2,4.815,2.772,25
130,10.36,93.9,4.908,2.057,25
135,11.51,103.4,4.979,1.755,25
140,12.52,111.7,5.040,1.584,25
145,13.45,119.3,5.093,1.473,25
150,14.32,126.5,5.142,1.395,25
160,15.94,139.9,5.228,1.292,25
170,17.45,152.5,5.304,1.227,25
180,18.89,164.5,5.373,1.183,25
190,20.29,176.2,5.436,1.152,25
200,21.65,187.6,5.495,1.129,25
210,22.97,198.8,5.549,1.111,25
220,24.27,209.8,5.600,1.096,25
230,25.56,220.7,5.649,1.085,25
240,26.83,231.5,5.695,1.076,25
250,28.09,242.2,5.739,1.068,25
260,29.93,252.8,5.781,1.061,25
270,30.57,263.4,5.821,1.056,25
280,31.80,274.0,5.859,1.052,25
290,33.02,284.5,5.896,1.048,25
300,34.24,294.9,5.931,1.045,25
310,35.45,305.4,5.965,1.042,25
320,36.66,315.8,5.998,1.040,25
330,37.86,326.2,6.030,1.038,25
340,39.06,336.6,6.061,1.036,25
350,40.26,346.9,6.091,1.035,25
375,43.23,372.8,6.162,1.033,25
400,46.19,398.6,6.229,1.033,25
425,49.14,424.4,6.292,1.034,25
450,52.08,450.3,6.352,1.035,25
475,55.01,476.2,6.408,1.038,25
500,57.94,502.2,6.460,1.041,25
550,63.77,554.4,6.560,1.049,25
600,69.59,607.1,6.652,1.059,25
650,75.39,660.3,6.737,1.069,25
700,81.18,714.0,6.817,1.080,25
750,86.97,768.3,6.892,1.092,25
800,92.75,823.2,6.962,1.103,25
850,98.53,878.6,7.029,1.114,25
900,104.3,934.6,7.093,1.124,25
950,110.1,991.0,7.154,1.134,25
1000,115.8,1043.0,7.213,1.143,25
1050,121.6,1105.4,7.260,1.152,25
1100,127.4,1163.2,7.323,1.161,25
1150,133.1,1221.4,7.374,1.169,25
1200,138.9,1280.1,7.424,1.176,25
1250,144.7,1339.1,7.472,1.183,25
1300,150.4,1398.4,7.519,1.189,25
75,1.1125,-129.7,2.902,1.820,30
80,1.1400,-120.6,3.016,1.844,30
85,1.1705,-111.4,3.126,1.870,30
90,1.2043,-102.0,3.232,1.900,30
95,1.2422,-92.4,3.335,1.937,30
100,1.2853,-82.6,3.433,1.983,30
105,1.3349,-72.5,3.529,2.045,30
110,1.3936,-62.1,3.625,2.139,30
115,1.4661,-51.0,3.723,2.300,30
120,1.5631,-38.8,3.829,2.684,30
125,1.7267,-23.4,3.954,3.910,30
130,7.367,80.7,4.772,3.197,30
135,8.662,93.9,4.871,2.271,30
140,9.682,104.0,4.945,1.871,30
145,10.57,102.8,5.007,1.668,30
150,11.38,120.8,5.061,1.538,30
160,12.84,135.3,5.155,1.381,30
170,14.19,148.6,5.235,1.290,30
180,15.45,161.2,5.307,1.230,30
190,16.65,173.3,5.373,1.188,30
200,17.82,185.0,5.433,1.158,30
210,18.96,196.4,5.489,1.135,30
220,20.07,207.7,5.541,1.117,30
230,21.17,218.8,5.590,1.103,30
240,22.25,229.7,5.637,1.091,30
250,23.32,240.6,5.681,1.081,30
260,24.37,251.4,5.723,1.073,30
270,25.41,262.1,5.764,1.067,30
280,26.45,272.7,5.803,1.061,30
290,27.48,283.3,5.840,1.057,30
300,28.51,293.8,5.876,1.053,30
310,29.53,304.3,5.910,1.049,30
320,30.54,314.8,5.943,1.046,30
330,31.55,325.3,5.975,1.044,30
340,32.56,335.7,6.006,1.042,30
350,33.57,346.1,6.037,1.041,30
375,36.06,372.1,6.108,1.038,30
400,38.54,398.0,6.175,1.037,30
425,41.01,423.9,6.238,1.037,30
450,43.48,449.9,6.298,1.038,30
475,45.93,475.9,6.354,1.040,30
500,48.37,501.9,6.407,1.043,30
550,53.25,554.3,6.507,1.051,30
600,58.11,607.1,6.599,1.060,30
650,62.95,660.3,6.684,1.070,30
700,67.79,714.1,6.764,1.081,30
750,72.62,768.5,6.839,1.092,30
800,77.44,823.4,6.910,1.103,30
850,82.26,878.8,6.977,1.114,30
900,87.08,934.8,7.041,1.125,30
950,91.89,991.3,7.102,1.135,30
1000,96.69,1048.2,7.160,1.144,30
1050,101.5,1105.6,7.216,1.153,30
1100,106.3,1163.5,7.270,1.161,30
1150,111.1,1221.8,7.322,1.169,30
1200,115.9,1280.4,7.372,1.177,30
1250,120.7,1339.4,7.420,1.184,30
1300,125.5,1398.8,7.467,1.190,30
75,1.1113,-129.3,2.900,1.816,35
80,1.1387,-120.3,3.014,1.839,35
85,1.1688,-111.1,3.123,1.864,35
90,1.2023,-101.7,3.228,1.893,35
95,1.2397,-92.1,3.330,1.928,35
100,1.2819,-82.4,3.428,1.970,35
105,1.3304,-72.4,3.524,2.027,35
110,1.3874,-62.1,3.619,2.111,35
115,1.4567,-52.2,3.715,2.251,35
120,1.5469,-39.4,3.817,2.521,35
125,1.6847,-25.3,3.933,3.285,35
130,1.995,0.9,4.127,5.550,35
135,6.435,81.2,4.749,3.325,35
140,7.572,94.8,4.849,2.324,35
145,8.472,105.4,4.923,1.941,35
150,9.255,114.5,4.985,1.723,35
160,10.63,130.4,5.088,1.486,35
170,11.85,144.6,5.174,1.359,35
180,12.99,157.8,5.249,1.280,35
190,14.06,170.3,5.317,1.227,35
200,15.10,182.4,5.379,1.189,35
210,16.10,194.1,5.436,1.160,35
220,17.08,205.6,5.489,1.138,35
230,18.04,216.9,5.539,1.120,35
240,18.98,228.0,5.587,1.106,35
250,19.91,239.0,5.632,1.095,35
260,20.82,249.9,5.675,1.085,35
270,21.73,260.7,5.715,1.078,35
280,22.63,271.5,5.754,1.071,35
290,23.53,282.2,5.792,1.065,35
300,24.42,292.8,5.828,1.061,35
310,25.30,303.4,5.863,1.057,35
320,26.18,313.9,5.897,1.053,35
330,27.05,324.4,5.929,1.050,35
340,27.92,334.9,5.960,1.048,35
350,28.79,345.4,5.990,1.046,35
375,30.94,371.5,6.062,1.042,35
400,33.08,397.5,6.130,1.041,35
425,35.21,423.5,6.193,1.040,35
450,37.33,449.5,6.252,1.041,35
475,39.44,475.6,6.308,1.043,35
500,41.54,501.7,6.362,1.046,35
550,45.73,554.1,6.462,1.053,35
600,49.91,607.0,6.554,1.062,35
650,54.07,660.3,6.639,1.072,35
700,58.22,714.2,6.719,1.082,35
750,63.37,768.6,6.794,1.093,35
800,66.51,823.5,6.865,1.104,35
850,70.65,879.0,6.932,1.115,35
900,74.78,935.0,6.996,1.125,35
950,78.90,991.5,7.057,1.135,35
1000,83.03,1048.5,7.116,1.144,35
1050,87.15,1105.9,7.172,1.153,35
1100,91.27,1163.8,7.226,1.162,35
1150,95.39,1222.1,7.278,1.170,35
1200,99.50,1280.8,7.328,1.177,35
1250,103.6,1339.8,7.376,1.184,35
1300,107.7,1399.2,7.422,1.190,35
75,1.1102,-128.9,2.897,1.813,40
80,1.1373,-120.0,3.011,1.834,40
85,1.1672,-110.8,3.120,1.858,40
90,1.2003,-101.4,3.225,1.886,40
95,1.2371,-91.9,3.327,1.919,40
100,1.2787,-82.2,3.424,1.958,40
105,1.3261,-72.3,3.519,2.010,40
110,1.3814,-62.1,3.613,2.036,40
115,1.4479,-51.4,3.708,2.208,40
120,1.5325,-39.8,3.807,2.432,40
125,1.6536,-26.6,3.916,2.962,40
130,1.871,-5.8,4.080,4.821,40
135,4.314,59.9,4.572,8.684,40
140,5.883,83.6,4.745,3.193,40
145,6.852,97.0,4.839,2.341,40
150,7.638,107.7,4.912,1.966,40
160,8.959,125.3,5.025,1.610,40
170,10.10,140.5,5.117,1.437,40
180,11.14,154.3,5.196,1.335,40
190,12.12,167.3,5.266,1.268,40
200,13.06,179.7,5.330,1.221,40
210,13.96,191.8,5.389,1.186,40
220,14.83,203.5,5.444,1.159,40
230,15.69,215.0,5.495,1.139,40
240,16.53,226.3,5.543,1.122,40
250,17.35,237.4,5.589,1.108,40
260,18.17,248.5,5.632,1.097,40
270,18.98,259.4,5.673,1.088,40
280,19.77,270.2,5.712,1.081,40
290,20.56,281.0,5.750,1.074,40
300,21.35,291.7,5.786,1.068,40
310,22.13,302.4,5.821,1.064,40
320,22.91,313.0,5.855,1.060,40
330,23.68,323.6,5.888,1.056,40
340,24.45,334.1,5.919,1.053,40
350,25.21,344.6,5.950,1.051,40
375,27.11,370.8,6.022,1.047,40
400,28.99,397.0,6.090,1.044,40
425,30.85,423.1,6.153,1.044,40
450,32.72,449.2,6.212,1.044,40
475,34.57,475.3,6.269,1.046,40
500,36.42,501.5,6.323,1.049,40
550,40.10,554.0,6.423,1.055,40
600,43.76,606.9,6.515,1.063,40
650,47.41,660.3,6.600,1.073,40
700,51.05,714.2,6.680,1.083,40
750,54.68,768.7,6.755,1.094,40
800,58.31,823.7,6.826,1.105,40
850,61.93,879.2,6.894,1.116,40
900,65.55,935.2,6.958,1.126,40
950,69.17,991.8,7.019,1.136,40
1000,72.78,1048.8,7.077,1.145,40
1050,76.39,1106.3,7.133,1.154,40
1100,80.00,1164.2,7.187,1.162,40
1150,83.60,1222.5,7.239,1.170,40
1200,87.20,1281.2,7.289,1.177,40
1250,90.80,1340.2,7.337,1.184,40
1300,94.40,1399.6,7.384,1.191,40
75,1.1091,-128.6,2.894,1.809,45
80,1.1360,-119.6,3.008,1.830,45
85,1.1656,-110.4,3.117,1.853,45
90,1.1983,-101.4,3.221,1.879,45
95,1.2347,-91.6,3.323,1.910,45
100,1.2755,-82.0,3.420,1.946,45
105,1.3219,-72.1,3.514,1.994,45
110,1.3757,-62.0,3.607,2.063,45
115,1.4396,-51.5,3.701,2.170,45
120,1.5194,-40.2,3.798,2.360,45
125,1.6285,-27.5,3.902,2.758,45
130,1.806,-10.6,4.042,3.713,45
135,2.288,17.4,4.246,8.672,45
140,4.418,68.4,4.618,5.178,45
145,5.543,87.3,4.751,2.960,45
150,6.360,100.2,4.838,2.290,45
160,7.656,120.0,4.966,1.756,45
170,8.740,136.3,5.065,1.524,45
180,9.713,150.8,5.148,1.394,45
190,10.62,164.3,5.221,1.311,45
200,11.47,177.1,5.287,1.254,45
210,12.29,189.4,5.347,1.213,45
220,13.09,201.4,5.402,1.181,45
230,13.87,213.1,5.454,1.157,45
240,14.63,224.6,5.503,1.138,45
250,15.37,235.9,5.549,1.122,45
260,16.11,247.0,5.593,1.110,45
270,16.83,258.0,5.635,1.099,45
280,17.55,269.0,5.675,1.090,45
290,18.26,279.9,5.713,1.083,45
300,18.97,290.7,5.749,1.076,45
310,19.67,301.4,5.785,1.071,45
320,20.36,312.1,5.818,1.066,45
330,21.05,322.7,5.851,1.062,45
340,21.74,333.3,5.883,1.059,45
350,22.42,343.9,5.913,1.056,45
375,24.12,370.2,5.986,1.051,45
400,25.81,396.5,6.054,1.048,45
425,27.48,422.7,6.117,1.047,45
450,29.14,448.8,6.177,1.047,45
475,30.79,475.0,6.234,1.048,45
500,32.44,501.2,6.288,1.050,45
550,35.72,553.9,6.388,1.056,45
600,38.98,606.9,6.480,1.065,45
650,42.23,660.4,6.566,1.074,45
700,45.47,714.3,6.646,1.084,45
750,48.71,768.8,6.721,1.095,45
800,51.94,823.8,6.792,1.106,45
850,55.16,879.4,6.860,1.116,45
900,58.38,935.5,6.924,1.126,45
950,61.60,992.1,6.985,1.136,45
1000,64.81,1049.1,7.043,1.145,45
1050,68.02,1106.6,7.099,1.154,45
1100,71.23,1164.5,7.153,1.162,45
1150,74.43,1222.8,7.205,1.170,45
1200,77.64,1281.5,7.255,1.177,45
1250,80.84,1340.6,7.303,1.184,45
1300,84.04,1399.9,7.350,1.191,45
75,1.1080,-128.2,2.892,1.806,50
80,1.1347,-119.3,3.005,1.826,50
85,1.1640,-110.1,3.114,1.848,50
90,1.1963,-100.8,3.218,1.873,50
95,1.2322,-91.4,3.319,1.902,50
100,1.2724,-81.8,3.415,1.939,50
105,1.3179,-72.0,3.509,1.980,50
110,1.3702,-62.0,3.601,2.042,50
115,1.4318,-51.6,3.694,2.138,50
120,1.5075,-40.5,3.789,2.300,50
125,1.6073,-28.3,3.889,2.614,50
130,1.757,-13.5,4.012,3.204,50
135,2.054,9.2,4.177,5.023,50
140,3.130,47.0,4.452,8.694,50
145,4.453,75.8,4.654,3.931,50
150,5.321,91.9,4.764,2.721,50
160,6.612,114.4,4.909,1.927,50
170,7.653,131.9,5.015,1.620,50
180,8.571,147.2,5.103,1.457,50
190,9.415,161.3,5.179,1.356,50
200,10.21,174.5,5.246,1.288,50
210,10.97,187.1,5.308,1.240,50
220,11.70,199.3,5.365,1.204,50
230,12.41,211.2,5.418,1.176,50
240,13.11,222.8,5.467,1.154,50
250,13.79,234.3,5.514,1.136,50
260,14.46,245.6,5.558,1.122,50
270,15.12,256.7,5.600,1.110,50
280,15.77,267.7,5.640,1.100,50
290,16.42,278.7,5.679,1.091,50
300,17.06,289.6,5.716,1.084,50
310,17.70,300.4,5.751,1.078,50
320,18.33,311.2,5.785,1.073,50
330,18.96,321.9,5.818,1.069,50
340,19.58,332.6,5.850,1.065,50
350,20.20,343.2,5.881,1.061,50
375,21.74,369.6,5.954,1.055,50
400,23.26,395.9,6.022,1.052,50
425,24.77,422.2,6.086,1.050,50
450,26.27,448.5,6.146,1.050,50
475,27.77,474.7,6.203,1.050,50
500,29.26,501.0,6.256,1.052,50
550,32.21,553.7,6.356,1.058,50
600,35.15,606.8,6.449,1.066,50
650,38.09,660.4,6.535,1.075,50
700,41.01,714.4,6.615,1.085,50
750,43.93,768.9,6.691,1.096,50
800,46.84,824.0,6.762,1.107,50
850,49.74,879.6,6.829,1.117,50
900,52.64,935.7,6.893,1.127,50
950,55.54,992.3,6.954,1.137,50
1000,58.43,1049.4,7.013,1.146,50
1050,61.32,1106.9,7.069,1.155,50
1100,64.21,1164.8,7.123,1.163,50
1150,67.10,1223.2,7.175,1.171,50
1200,69.99,1281.9,7.225,1.178,50
1250,72.87,1340.9,7.273,1.185,50
1300,75.75,1400.3,7.319,1.191,50
75,1.106,-127.5,2.887,1.799,60
80,1.132,-118.6,3.000,1.818,60
85,1.161,-109.5,3.108,1.838,60
90,1.192,-100.3,3.211,1.860,60
95,1.227,-90.9,3.311,1.886,60
100,1.261,-81.4,3.407,1.915,60
105,1.303,-71.7,3.499,1.953,60
110,1.350,-61.8,3.590,2.005,60
115,1.404,-51.6,3.681,2.081,60
120,1.468,-40.8,3.773,2.205,60
125,1.573,-29.4,3.867,2.422,60
130,1.691,-16.4,3.971,2.824,60
135,1.875,0.7,4.097,3.482,60
140,2.219,22.8,4.260,4.808,60
145,2.928,49.9,4.450,5.485,60
150,3.773,73.1,4.608,3.837,60
160,5.054,90.0,4.798,2.338,60
170,6.033,113.7,4.922,1.836,60
180,6.869,132.6,5.020,1.594,60
190,7.624,149.0,5.102,1.452,60
200,8.325,163.9,5.174,1.361,60
210,8.989,177.8,5.239,1.296,60
220,9.625,191.1,5.298,1.249,60
230,10.24,203.8,5.353,1.214,60
240,10.84,216.1,5.404,1.186,60
250,11.42,228.2,5.452,1.164,60
260,11.99,240.0,5.497,1.146,60
270,12.56,251.6,5.540,1.131,60
280,13.12,263.1,5.581,1.119,60
290,13.67,274.4,5.620,1.109,60
300,14.21,285.6,5.675,1.100,60
310,14.75,296.7,5.693,1.092,60
320,15.29,307.7,5.728,1.086,60
330,15.82,318.6,5.761,1.080,60
340,16.35,329.5,5.793,1.076,60
350,16.87,340.4,5.824,1.072,60
375,18.16,367.3,5.898,1.064,60
400,19.44,394.0,5.967,1.059,60
425,20.72,420.6,6.031,1.056,60
450,21.98,447.1,6.091,1.055,60
475,23.23,474.2,6.148,1.055,60
500,24.48,500.6,6.202,1.057,60
550,26.96,553.5,6.303,1.062,60
600,29.43,606.8,6.396,1.069,60
650,31.88,660.5,6.482,1.078,60
700,34.32,714.6,6.562,1.088,60
750,36.76,769.2,6.637,1.098,60
800,39.19,824.3,6.708,1.108,60
850,41.61,880.0,6.776,1.118,60
900,44.03,936.2,6.840,1.128,60
950,46.45,992.8,6.901,1.138,60
1000,48.87,1050.0,6.960,1.147,60
1050,51.28,1107.5,7.016,1.156,60
1100,53.69,1165.5,7.070,1.164,60
1150,56.10,1223.9,7.122,1.171,60
1200,58.51,1282.6,7.172,1.178,60
1250,60.92,1341.7,7.220,1.185,60
1300,63.32,1401.1,7.267,1.192,60
75,1.102,-126.0,2.877,1.786,80
80,1.127,-117.2,2.989,1.802,80
85,1.155,-108.2,3.096,1.819,80
90,1.185,-99.1,3.198,1.838,80
95,1.219,-89.9,3.297,1.858,80
100,1.255,-80.4,3.391,1.881,80
105,1.296,-70.9,3.482,1.909,80
110,1.341,-61.3,3.570,1.945,80
115,1.392,-51.5,3.657,1.997,80
120,1.451,-41.3,3.745,2.078,80
125,1.521,-30.7,3.833,2.200,80
130,1.606,-19.1,3.924,2.395,80
135,1.720,-6.1,4.025,2.649,80
140,1.877,9.0,4.138,2.992,80
145,2.102,26.3,4.257,3.373,80
150,2.422,44.2,4.378,3.622,80
160,3.270,78.4,4.597,3.029,80
170,4.090,104.6,4.757,2.291,80
180,4.800,125.3,4.875,1.887,80
190,5.431,142.9,4.970,1.655,80
200,6.009,158.7,5.051,1.510,80
210,6.549,173.3,5.122,1.412,80
220,7.061,187.1,5.186,1.342,80
230,7.552,200.2,5.245,1.190,80
240,8.027,212.9,5.299,1.250,80
250,8.488,225.2,5.349,1.219,80
260,8.939,237.3,5.396,1.194,80
270,9.381,249.1,5.441,1.173,80
280,9.814,260.8,5.484,1.156,80
290,10.24,272.3,5.524,1.142,80
300,10.66,283.7,5.562,1.130,80
310,11.08,294.9,5.599,1.120,80
320,11.49,306.0,5.635,1.111,80
330,11.90,317.1,5.669,1.103,80
340,12.31,328.1,5.702,1.097,80
350,12.71,339.0,5.733,1.091,80
375,13.70,366.2,5.808,1.080,80
400,14.68,393.1,5.878,1.073,80
425,15.65,419.8,5.943,1.069,80
450,16.61,446.5,6.004,1.066,80
475,17.57,473.1,6.062,1.065,80
500,18.52,499.8,6.116,1.065,80
550,20.40,553.1,6.218,1.068,80
600,22.26,606.7,6.311,1.075,80
650,24.11,660.6,6.397,1.083,80
700,25.96,714.9,6.477,1.092,80
750,27.80,769.7,6.553,1.101,80
800,29.63,825.1,6.624,1.111,80
850,31.46,880.9,6.692,1.121,80
900,33.28,937.2,6.756,1.131,80
950,35.10,993.9,6.818,1.140,80
1000,36.92,1051.1,6.877,1.149,80
1050,38.73,1108.8,6.933,1.157,80
1100,40.54,1166.9,6.987,1.165,80
1150,42.35,1225.3,7.039,1.173,80
1200,44.16,1284.1,7.089,1.180,80
1250,45.97,1343.3,7.137,1.187,80
1300,47.78,1402.8,7.184,1.193,80
75,1.0976,-124.5,2.867,1.774,100
80,1.1223,-115.8,2.978,1.789,100
85,1.1492,-106.9,3.085,1.803,100
90,1.1784,-97.8,3.186,1.818,100
95,1.2102,-88.6,3.283,1.834,100
100,1.2448,-79.4,3.376,1.852,100
105,1.2828,-70.1,3.465,1.873,100
110,1.3247,-60.7,3.552,1.900,100
115,1.3711,-51.1,3.637,1.937,100
120,1.4231,-41.3,3.721,1.992,100
125,1.4823,-31.1,3.805,2.062,100
130,1.5514,-20.3,3.891,2.170,100
135,1.636,-8.7,3.982,2.320,100
140,1.744,3.9,4.076,2.506,100
145,1.880,17.6,4.178,2.682,100
150,2.053,32.8,4.271,2.832,100
160,2.521,61.7,4.457,2.874,100
170,3.092,88.8,4.622,2.508,100
180,3.660,111.8,4.753,2.114,100
190,4.187,131.5,4.860,1.836,100
200,4.674,148.8,4.949,1.650,100
210,5.130,164.6,5.026,1.522,100
220,5.561,179.4,5.095,1.431,100
230,5.973,193.4,5.157,1.363,100
240,6.369,206.7,5.214,1.311,100
250,6.753,219.6,5.266,1.271,100
260,7.128,232.2,5.315,1.239,100
270,7.493,244.4,5.362,1.213,100
280,7.852,256.4,5.406,1.191,100
290,8.204,268.3,5.447,1.173,100
300,8.551,279.9,5.486,1.158,100
310,8.894,291.4,5.524,1.146,100
320,9.232,302.8,5.560,1.135,100
330,9.567,314.1,5.595,1.125,100
340,9.898,325.3,5.629,1.117,100
350,10.23,336.5,5.661,1.110,100
375,11.04,364.0,5.737,1.096,100
400,11.84,391.3,5.807,1.087,100
425,12.62,418.4,5.873,1.080,100
450,13.40,445.3,5.935,1.076,100
475,14.17,472.2,5.993,1.074,100
500,14.94,499.0,6.048,1.073,100
550,16.45,552.7,6.150,1.075,100
600,17.97,606.6,6.244,1.080,100
650,19.46,660.8,6.331,1.087,100
700,20.95,715.3,6.412,1.096,100
750,22.43,770.3,6.488,1.105,100
800,23.90,825.8,6.559,1.114,100
850,25.37,881.8,6.627,1.124,100
900,26.83,938.2,6.91,1.133,100
950,28.29,994.9,6.753,1.142,100
1000,29.75,1052.4,6.812,1.151,100
1050,31.21,1110.1,6.868,1.159,100
1100,32.66,1168.2,6.922,1.167,100
1150,34.11,1226.7,6.974,1.174,100
1200,35.56,1285.6,7.024,1.181,100
1250,37.01,1344.8,7.073,1.188,100
1300,38.46,1404.4,7.120,1.194,100
75,1.088,-120.8,2.845,1.749,150
80,1.111,-112.2,2.954,1.758,150
85,1.136,-103.4,3.058,1.767,150
90,1.163,-94.5,3.158,1.777,150
95,1.191,-85.6,3.252,1.787,150
100,1.222,-76.6,3.342,1.798,150
105,1.255,-67.6,3.428,1.809,150
110,1.290,-58.5,3.512,1.823,150
115,1.328,-49.4,3.593,1.843,150
120,1.369,-40.1,3.673,1.870,150
125,1.414,-30.6,3.751,1.904,150
130,1.463,-20.7,3.829,1.947,150
135,1.519,-10.3,3.909,1.998,150
140,1.583,0.5,3.988,2.059,150
145,1.656,11.5,4.067,2.126,150
150,1.740,22.8,4.144,2.183,150
160,1.941,45.2,4.287,2.243,150
170,2.188,67.7,4.423,2.227,150
180,2.473,89.5,4.548,2.130,150
190,2.777,110.1,4.659,2.984,150
200,3.086,129.2,4.757,1.832,150
210,3.391,146.8,4.843,1.699,150
220,3.687,163.2,4.919,1.591,150
230,3.973,178.7,4.988,1.504,150
240,4.251,193.4,5.051,1.435,150
250,4.521,207.4,5.108,1.379,150
260,4.784,221.0,5.161,1.335,150
270,5.041,234.2,5.211,1.298,150
280,5.293,247.0,5.257,1.267,150
290,5.540,259.5,5.301,1.242,150
300,5.783,271.8,5.343,1.220,150
310,6.022,283.9,5.383,1.202,150
320,6.258,295.9,5.421,1.186,150
330,6.491,307.7,5.457,1.173,150
340,6.721,319.3,5.492,1.161,150
350,6.950,330.9,5.525,1.151,150
375,7.511,359.4,5.604,1.131,150
400,8.062,387.5,5.677,1.117,150
425,8.605,415.3,5.744,1.106,150
450,9.140,442.9,5.807,1.099,150
475,9.670,470.2,5.867,1.095,150
500,10.19,497.5,5.922,1.092,150
550,11.23,552.1,6.026,1.090,150
600,12.26,606.6,6.121,1.093,150
650,13.27,661.4,6.209,1.098,150
700,14.27,716.5,6.291,1.105,150
750,15.27,771.9,6.367,1.113,150
800,16.26,827.8,6.439,1.121,150
850,17.25,884.1,6.507,1.130,150
900,18.24,940.8,6.572,1.139,150
950,19.22,997.9,6.634,1.147,150
1000,20.20,1055.5,6.693,1.155,150
1050,21.18,1113.5,6.750,1.163,150
1100,22.15,1171.8,6.804,1.170,150
1150,23.12,1230.5,6.856,1.177,150
1200,24.09,1289.5,6.906,1.184,150
1250,25.06,1348.9,6.955,1.190,150
1300,26.03,1408.6,7.002,1.196,150
75,1.0791,-117.0,2.823,1.726,200
80,1.1008,-108.5,2.930,1.733,200
85,1.1239,-99.9,3.038,1.740,200
90,1.1485,-91.2,3.130,1.747,200
95,1.1747,-82.4,3.224,1.753,200
100,1.2023,-73.6,3.312,1.761,200
105,1.2316,-64.8,3.396,1.767,200
110,1.2625,-55.9,3.477,1.776,200
115,1.2952,-47.0,3.556,1.789,200
120,1.3296,-38.0,3.634,1.809,200
125,1.3663,-28.9,3.709,1.831,200
130,1.4055,-19.5,3.784,1.856,200
135,1.450,-9.8,3.858,1.881,200
140,1.497,0.2,3.931,1.905,200
145,1.549,10.3,4.001,1.928,200
150,1.606,20.5,4.071,1.951,200
160,1.737,40.2,4.198,1.988,200
170,1.890,60.1,4.319,1.986,200
180,2.063,79.8,4.432,1.953,200
190,2.253,99.0,4.536,1.893,200
200,2.454,117.6,4.631,1.814,200
210,2.661,135.4,4.717,1.728,200
220,2.870,152.2,4.796,1.643,200
230,3.078,168.3,4.867,1.567,200
240,3.283,183.6,4.932,1.501,200
250,3.485,198.3,4.992,1.444,200
260,3.684,212.5,5.048,1.396,200
270,3.879,226.2,5.100,1.355,200
280,4.071,239.6,5.149,1.321,200
290,4.260,252.7,5.195,1.291,200
300,4.446,265.5,5.238,1.266,200
310,4.629,278.0,5.279,1.245,200
320,4.810,290.4,5.318,1.226,200
330,4.989,302.6,5.356,1.210,200
340,5.167,314.6,5.392,1.196,200
350,5.342,326.5,5.426,1.184,200
375,5.774,355.8,5.507,1.159,200
400,6.197,384.5,5.581,1.141,200
425,6.613,412.8,5.650,1.128,200
450,7.024,440.9,5.715,1.119,200
475,7.429,468.8,5.775,1.112,200
500,7.831,496.6,5.831,1.108,200
550,8.623,551.8,5.937,1.104,200
600,9.403,607.0,6.033,1.104,200
650,10.17,662.3,6.121,1.108,200
700,10.94,717.9,6.204,1.114,200
750,11.70,773.7,6.281,1.121,200
800,12.45,829.9,6.353,1.128,200
850,13.20,886.5,6.422,1.136,200
900,13.94,943.5,6.487,1.144,200
950,14.68,1000.9,6.549,1.152,200
1000,15.42,1058.7,6.608,1.160,200
1050,16.16,1116.9,6.665,1.167,200
1100,16.90,1175.4,6.720,1.174,200
1150,17.64,1234.3,6.772,1.181,200
1200,18.37,1293.5,6.822,1.187,200
1250,19.10,1353.0,6.871,1.193,200
1300,19.83,1412.8,6.918,1.199,200
80,1.0823,-101.0,2.888,1.696,300
85,1.1028,-92.5,2.988,1.699,300
90,1.1242,-84.0,3.083,1.702,300
95,1.1466,-75.5,3.174,1.704,300
100,1.1699,-67.0,3.260,1.706,300
105,1.1941,-58.4,3.342,1.708,300
110,1.2191,-49.8,3.421,1.724,300
115,1.2450,-41.1,3.497,1.732,300
120,1.2717,-32.4,3.572,1.740,300
125,1.2994,-23.7,3.644,1.748,300
130,1.3284,-14.9,3.714,1.757,300
135,1.3590,-6.0,3.782,1.763,300
140,1.3921,3.1,3.849,1.769,300
145,1.4285,12.3,3.913,1.774,300
150,1.466,21.5,3.976,1.776,300
160,1.547,39.2,4.090,1.777,300
170,1.636,56.9,4.198,1.769,300
180,1.734,74.5,4.298,1.751,300
190,1.838,91.9,4.392,1.723,300
200,1.949,109.0,4.480,1.689,300
210,2.066,125.7,4.561,1.650,300
220,2.186,142.0,4.637,1.607,300
230,2.309,157.8,4.707,1.562,300
240,2.434,173.2,4.773,1.518,300
250,2.560,188.2,4.834,1.477,300
260,2.685,202.7,4.891,1.438,300
270,2.811,216.9,4.945,1.402,300
280,2.936,230.8,4.995,1.370,300
290,3.060,244.4,5.043,1.341,300
300,3.183,257.7,5.088,1.316,300
310,3.305,270.7,5.131,1.293,300
320,3.426,283.5,5.171,1.273,300
330,3.546,296.1,5.210,1.255,300
340,3.666,308.6,5.247,1.240,300
350,3.785,320.9,5.283,1.226,300
375,4.078,351.2,5.367,1.197,300
400,4.367,380.9,5.443,1.176,300
425,4.651,410.1,5.514,1.160,300
450,4.932,438.9,5.580,1.148,300
475,5.209,467.5,5.642,1.139,300
500,5.484,495.9,5.700,1.133,300
550,6.026,552.3,5.808,1.126,300
600,6.560,608.5,5.906,1.124,300
650,7.087,664.7,5.996,1.125,300
700,7.608,721.1,6.079,1.129,300
750,8.124,777.6,6.157,1.134,300
800,8.636,834.5,6.230,1.140,300
850,9.144,891.7,6.300,1.147,300
900,9.650,949.2,6.366,1.154,300
950,10.15,1007.1,6.428,1.161,300
1000,10.65,1065.3,6.488,1.168,300
1050,11.15,1123.9,6.545,1.175,300
1100,11.65,1182.8,6.600,1.181,300
1150,12.14,1242.0,6.652,1.187,300
1200,12.64,1301.5,6.703,1.193,300
1250,13.13,1361.3,6.752,1.199,300
1300,13.62,1421.4,6.799,1.204,300
85,1.0846,-85.0,2.949,1.669,400
90,1.1037,-76.6,3.042,1.674,400
95,1.1234,-68.2,3.132,1.680,400
100,1.1436,-59.8,3.216,1.686,400
105,1.1644,-51.4,3.296,1.692,400
110,1.1857,-42.9,3.374,1.698,400
115,1.2074,-34.4,3.450,1.702,400
120,1.2295,-25.9,3.523,1.704,400
125,1.2522,-17.4,3.593,1.705,400
130,1.2756,-8.8,3.661,1.706,400
135,1.3002,-0.2,3.725,1.704,400
140,1.3263,8.3,3.788,1.702,400
145,1.3541,16.8,3.849,1.700,400
150,1.3832,25.4,3.907,1.696,400
160,1.4450,42.4,4.016,1.685,400
170,1.511,59.2,4.119,1.668,400
180,1.580,75.8,4.214,1.654,400
190,1.653,92.3,4.303,1.633,400
200,1.730,108.5,4.386,1.607,400
210,1.810,124.4,4.464,1.579,400
220,1.892,140.1,4.537,1.550,400
230,1.977,155.5,4.605,1.521,400
240,2.063,170.5,4.669,1.490,400
250,2.151,185.2,4.729,1.460,400
260,2.240,199.7,4.786,1.431,400
270,2.329,213.9,4.839,1.404,400
280,2.419,227.8,4.890,1.378,400
290,2.509,241.4,4.938,1.353,400
300,2.599,254.8,4.983,1.331,400
310,2.688,268.0,5.026,1.310,400
320,2.777,281.0,5.067,1.292,400
330,2.866,293.9,5.107,1.275,400
340,2.955,306.6,5.145,1.260,400
350,3.043,319.1,5.181,1.246,400
375,3.262,349.9,5.266,1.217,400
400,3.478,380.0,5.344,1.195,400
425,3.692,409.7,5.416,1.179,400
450,3.904,439.0,5.483,1.166,400
475,4.115,468.0,5.546,1.156,400
500,4.324,496.8,5.605,1.149,400
550,4.737,554.0,5.714,1.141,400
600,5.144,611.0,5.813,1.138,400
650,5.546,667.8,5.904,1.138,400
700,5.943,724.8,5.989,1.141,400
750,6.337,782.0,6.068,1.146,400
800,6.728,839.4,6.142,1.151,400
850,7.115,897.1,6.212,1.157,400
900,7.500,955.1,6.278,1.163,400
950,7.883,1013.4,6.341,1.170,400
1000,8.263,1072.0,6.401,1.176,400
1050,8.642,1131.0,6.459,1.182,400
1100,9.019,1190.3,6.514,1.188,400
1150,9.394,1249.8,6.567,1.194,400
1200,9.768,1309.6,6.618,1.199,400
1250,10.14,1369.7,6.667,1.204,400
1300,10.51,1430.0,6.714,1.209,400
90,1.0859,-69.0,3.005,1.655,500
95,1.1035,-60.7,3.094,1.663,500
100,1.1215,-52.3,3.177,1.670,500
105,1.1399,-48.9,3.257,1.678,500
110,1.1584,-35.5,3.334,1.683,500
115,1.1772,-27.1,3.409,1.686,500
120,1.1963,-18.7,3.482,1.686,500
125,1.2157,-10.3,3.551,1.683,500
130,1.2356,2.0,3.617,1.679,500
135,1.2563,6.2,3.681,1.673,500
140,1.2781,14.4,3.743,1.667,500
145,1.3012,22.7,3.802,1.660,500
150,1.3250,30.9,3.860,1.651,500
160,1.3750,47.4,3.966,1.644,500
170,1.428,63.7,4.060,1.619,500
180,1.484,79.8,4.151,1.598,500
190,1.541,95.7,4.237,1.580,500
200,1.601,111.4,4.317,1.557,500
210,1.662,126.8,4.392,1.533,500
220,1.725,142.0,4.463,1.509,500
230,1.789,157.0,4.530,1.485,500
240,1.855,171.7,4.593,1.461,500
250,1.922,186.2,4.652,1.438,500
260,1.990,200.5,4.708,1.415,500
270,2.059,214.6,4.761,1.392,500
280,2.128,228.4,4.811,1.371,500
290,2.197,242.0,4.859,1.351,500
300,2.267,255.4,4.905,1.331,500
310,2.337,268.6,4.948,1.313,500
320,2.406,281.6,4.989,1.297,500
330,2.476,294.5,5.029,1.282,500
340,2.546,307.3,5.067,1.268,500
350,2.615,319.9,5.103,1.255,500
375,2.788,350.9,5.189,1.227,500
400,2.960,381.3,5.267,1.206,500
425,3.131,411.2,5.340,1.189,500
450,3.301,440.8,5.408,1.176,500
475,3.469,470.1,5.471,1.167,500
500,3.636,499.1,5.531,1.159,500
550,3.968,556.8,5.641,1.151,500
600,4.297,614.3,5.741,1.148,500
650,4.622,671.7,5.833,1.148,500
700,4.944,729.1,5.918,1.150,500
750,5.263,786.7,5.997,1.154,500
800,5.580,844.6,6.072,1.159,500
850,5.894,902.7,6.143,1.165,500
900,6.206,961.1,6.209,1.171,500
950,6.516,1019.8,6.272,1.177,500
1000,6.825,1078.8,6.333,1.183,500
1050,7.132,1138.1,6.391,1.189,500
1100,7.437,1197.7,6.446,1.195,500
1150,7.741,1257.5,6.499,1.200,500
1200,8.043,1317.6,6.550,1.205,500
1250,8.345,1377.9,6.599,1.210,500
1300,8.646,1438.5,6.647,1.214,500
190,1.464,100.7,4.184,1.545,600
200,1.513,116.0,2.263,1.525,600
210,1.563,131.2,4.337,1.502,600
220,1.614,146.1,4.406,1.480,600
230,1.666,160.8,4.472,1.459,600
240,1.720,175.3,4.533,1.438,600
250,1.774,189.5,4.591,1.418,600
260,1.829,203.6,4.646,1.398,600
270,1.884,217.5,4.699,1.379,600
280,1.940,231.2,4.749,1.361,600
290,1.996,244.7,4.797,1.344,600
300,2.053,258.1,4.842,1.327,600
310,2.110,271.3,4.885,1.311,600
320,2.167,284.3,4.926,1.296,600
330,2.224,297.2,4.966,1.282,600
340,2.281,310.0,5.004,1.270,600
350,2.338,322.6,5.041,1.258,600
375,2.480,353.7,5.126,1.232,600
400,2.622,384.2,5.205,1.211,600
425,2.763,414.3,5.278,1.195,600
450,2.904,444.0,5.346,1.182,600
475,3.044,473.4,5.410,1.173,600
500,3.183,502.6,5.470,1.166,600
550,3.460,560.7,5.581,1.157,600
600,3.735,618.5,5.681,1.154,600
650,4.008,676.1,5.778,1.154,600
700,4.278,733.9,5.859,1.157,600
750,4.546,791.9,5.939,1.161,600
800,4.813,850.1,6.014,1.166,600
850,5.078,908.5,6.085,1.172,600
900,5.341,967.2,6.152,1.177,600
950,5.602,1026.2,6.216,1.183,600
1000,5.862,1085.5,6.277,1.189,600
1050,6.120,1145.1,6.335,1.195,600
1100,6.377,1205.0,6.391,1.200,600
1150,6.633,1265.1,6.444,1.205,600
1200,6.888,1325.5,6.495,1.210,600
1250,7.142,1386.1,6.545,1.215,600
1300,7.395,1446.9,6.593,1.219,600
210,1.490,136.6,4.290,1.481,700
220,1.534,151.3,4.359,1.460,700
230,1.578,165.8,4.423,1.439,700
240,1.623,180.1,4.484,1.420,700
250,1.668,194.2,4.541,1.402,700
260,1.715,208.1,4.596,1.384,700
270,1.761,221.9,4.648,1.367,700
280,1.808,235.5,4.698,1.351,700
290,1.856,248.9,4.745,1.336,700
300,1.903,262.2,4.790,1.321,700
310,1.951,275.3,4.833,1.307,700
320,1.999,288.3,4.874,1.293,700
330,2.047,301.2,4.914,1.281,700
340,2.095,314.0,4.952,1.269,700
350,2.144,326.6,4.988,1.258,700
375,2.265,357.7,5.074,1.234,700
400,2.385,388.3,5.153,1.214,700
425,2.505,418.5,5.226,1.198,700
450,2.625,448.3,5.294,1.186,700
475,2.744,477.8,5.359,1.176,700
500,2.863,507.1,5.418,1.169,700
550,3.100,565.3,5.529,1.161,700
600,3.336,623.3,5.630,1.158,700
650,3.570,681.2,5.723,1.159,700
700,3.803,739.2,5.809,1.162,700
750,4.034,797.4,5.890,1.166,700
800,4.264,855.8,5.965,1.171,700
850,4.493,914.5,6.036,1.177,700
900,4.720,973.5,6.103,1.183,700
950,4.946,1032.8,6.167,1.188,700
1000,5.171,1092.4,6.228,1.194,700
1050,5.395,1152.2,6.287,1.200,700
1100,5.618,1212.3,6.343,1.205,700
1150,5.839,1272.7,6.396,1.210,700
1200,6.059,1333.3,6.448,1.215,700
1250,6.279,1394.1,6.498,1.219,700
1300,6.498,1455.2,6.546,1.223,700
220,1.472,157.4,4.318,1.445,800
230,1.510,171.7,4.382,1.425,800
240,1.549,185.9,4.442,1.406,800
250,1.588,199.9,4.499,1.389,800
260,1.628,213.7,4.553,1.372,800
270,1.668,227.3,4.604,1.356,800
280,1.709,240.3,4.653,1.342,800
290,1.750,254.1,4.700,1.328,800
300,1.791,267.3,4.745,1.314,800
310,1.832,280.4,4.788,1.302,800
320,1.874,293.4,4.829,1.290,800
330,1.916,306.2,4.869,1.278,800
340,1.958,318.9,4.907,1.267,800
350,2.000,331.6,4.943,1.257,800
375,2.104,362.7,5.029,1.235,800
400,2.209,393.8,5.108,1.216,800
425,2.314,423.5,5.181,1.200,800
450,2.418,453.4,5.250,1.188,800
475,2.522,483.0,5.314,1.179,800
500,2.626,512.3,5.374,1.172,800
550,2.832,570.7,5.485,1.164,800
600,3.038,625.8,5.586,1.161,800
650,3.243,686.8,5.679,1.162,800
700,3.447,745.0,5.765,1.165,800
750,3.650,803.4,5.846,1.169,800
800,3.852,862.0,5.922,1.175,800
850,4.053,920.8,5.993,1.181,800
900,4.253,980.0,6.061,1.187,800
950,4.452,1039.5,6.125,1.192,800
1000,4.651,1099.3,6.136,1.198,800
1050,4.848,1159.3,6.245,1.204,800
1100,5.044,1219.6,6.301,1.209,800
1150,5.240,1280.2,6.355,1.214,800
1200,5.435,1341.0,6.407,1.219,800
1250,5.629,1402.0,6.456,1.223,800
1300,5.822,1463.3,6.505,1.227,800
230,1.456,178.1,4.345,1.414,900
240,1.490,192.2,4.405,1.396,900
250,1.525,206.1,4.462,1.379,900
260,1.560,219.8,4.515,1.363,900
270,1.596,233.4,4.566,1.348,900
280,1.632,246.8,4.615,1.334,900
290,1.668,260.0,4.662,1.321,900
300,1.704,273.2,4.706,1.309,900
310,1.740,286.2,4.749,1.297,900
320,1.777,299.1,4.790,1.286,900
330,1.814,311.9,4.829,1.275,900
340,1.851,324.6,4.867,1.265,900
350,1.888,337.2,4.904,1.256,900
375,1.980,368.3,4.990,1.235,900
400,2.073,399.0,5.069,1.217,900
425,2.166,429.2,5.142,1.202,900
450,2.258,459.1,5.211,1.190,900
475,2.350,488.7,5.275,1.181,900
500,2.442,518.1,5.335,1.174,900
550,2.625,576.6,5.446,1.165,900
600,2.808,634.8,5.548,1.163,900
650,2.990,692.9,5.641,1.164,900
700,3.171,751.1,5.727,1.167,900
750,3.351,809.6,5.808,1.172,900
800,3.531,868.4,5.884,1.177,900
850,3.710,927.4,5.956,1.183,900
900,3.889,986.7,6.023,1.190,900
950,4.067,1046.3,6.087,1.196,900
1000,4.244,1106.8,6.149,1.202,900
1050,4.421,1166.5,6.208,1.207,900
1100,4.597,1227.0,6.268,1.212,900
1150,4.772,1287.7,6.318,1.217,900
1200,4.946,1348.7,6.370,1.222,900
1250,5.120,1409.9,6.420,1.227,900
1300,5.293,1471.4,6.468,1.231,900
250,1.473,212.8,4.428,1.371,1000
260,1.505,226.4,4.482,1.355,1000
270,1.537,239.9,4.533,1.340,1000
280,1.569,253.2,4.582,1.327,1000
290,1.601,266.4,4.628,1.315,1000
300,1.633,279.5,4.672,1.303,1000
310,1.666,292.5,4.714,1.292,1000
320,1.699,305.4,4.755,1.282,1000
330,1.732,318.1,4.795,1.272,1000
340,1.765,330.8,4.832,1.263,1000
350,1.798,343.4,4.869,1.254,1000
375,1.881,374.5,4.955,1.234,1000
400,1.964,405.1,5.034,1.217,1000
425,2.048,435.4,5.107,1.203,1000
450,2.131,465.3,5.176,1.192,1000
475,2.214,495.0,5.240,1.182,1000
500,2.296,524.4,5.300,1.175,1000
550,2.460,583.0,5.412,1.167,1000
600,2.624,641.2,5.513,1.164,1000
650,2.787,699.4,5.606,1.165,1000
700,2.950,757.7,5.693,1.168,1000
750,3.113,816.3,5.774,1.173,1000
800,3.275,875.1,5.850,1.179,1000
850,3.437,934.2,5.921,1.185,1000
900,3.598,993.6,5.989,1.192,1000
950,3.759,1053.3,6.054,1.198,1000
1000,3.919,1113.3,6.115,1.204,1000
1050,4.079,1173.7,6.174,1.210,1000
1100,4.238,1234.4,6.231,1.215,1000
1150,4.396,1295.3,6.285,1.220,1000
1200,4.554,1356.4,6.337,1.225,1000
1250,4.711,1417.8,6.387,1.230,1000
1300,4.868,1479.4,6.435,1.234,1000